label,mid_x,mid_y,width,height,confidence,x1,y1,x2,y2
camera_3@table#001,1089.0,269.5,280,285,0.7590527534484863,949,127,1229,412
camera_3@table#002,201.5,283.5,265,281,0.6702484488487244,69,143,334,424
camera_3@table#003,1190.0,520.0,178,348,0.8152661919593811,1101,346,1279,694
camera_3@table#004,92.0,550.5,184,315,0.8278896808624268,0,393,184,708
camera_3@table#005,304.5,87.0,223,108,0.5069168210029602,193,33,416,141
camera_3@table#006,960.5,79.0,191,100,0.4141797721385956,865,29,1056,129
